{"epoch": 20, "train_loss": 0.9235090613365173, "raw_loss": 0.8280667066574097, "wd_0": 0.01, "sqr_mom_0": 0.99, "lr_0": 0.001, "mom_0": 0.9, "eps_0": 1e-05, "wd_1": 0.01, "sqr_mom_1": 0.99, "lr_1": 0.001, "mom_1": 0.9, "eps_1": 1e-05, "_timestamp": 1679341323.9100084, "train_samples_per_sec": 357.7812920558594, "_runtime": 47644.10773348808, "_step": 40019, "valid_loss": 0.867139458656311, "accuracy": 0.769156277179718, "top_k_accuracy": 0.9647851586341858, "_wandb": {"runtime": 47643}}