{"epoch": 8.032467532467564, "train_loss": 1.4638313055038452, "raw_loss": 1.1861157417297363, "wd_0": 0.01, "sqr_mom_0": 0.99, "lr_0": 0.001, "mom_0": 0.9, "eps_0": 1e-05, "wd_1": 0.01, "sqr_mom_1": 0.99, "lr_1": 0.001, "mom_1": 0.9, "eps_1": 1e-05, "_timestamp": 1679312883.2935214, "train_samples_per_sec": 390.64335938679665, "_runtime": 19203.49124646187, "_step": 16072, "valid_loss": 1.3059476613998413, "accuracy": 0.6719140410423279, "top_k_accuracy": 0.927316427230835}