{"epoch": 0.008491508491508495, "train_loss": 8.289273262023926, "raw_loss": 8.09827995300293, "wd_0": 0.01, "sqr_mom_0": 0.99, "lr_0": 0.001, "mom_0": 0.9, "eps_0": 1e-05, "wd_1": 0.01, "sqr_mom_1": 0.99, "lr_1": 0.001, "mom_1": 0.9, "eps_1": 1e-05, "_timestamp": 1679293627.0491893, "train_samples_per_sec": 281.1037173011981, "_runtime": 25.06695032119751, "_step": 16}