{"epoch": 0.05044955044955036, "train_loss": 7.208551406860352, "raw_loss": 6.887677192687988, "wd_0": 0.01, "sqr_mom_0": 0.99, "lr_0": 0.001, "mom_0": 0.9, "eps_0": 1e-05, "wd_1": 0.01, "sqr_mom_1": 0.99, "lr_1": 0.001, "mom_1": 0.9, "eps_1": 1e-05, "_timestamp": 1679293551.5912025, "train_samples_per_sec": 389.636725743243, "_runtime": 110.5166585445404, "_step": 100}